지수별,1970. 01 목,1970. 02 일,1970. 03 일,1970. 04 수,1970. 05 금,1970. 06 월,1970. 07 수,1970. 08 토,1970. 09 화,1970. 10 목,1970. 11 일,1970. 12 화,1971. 01 금,1971. 02 월,1971. 03 월,1971. 04 목,1971. 05 토,1971. 06 화,1971. 07 목,1971. 08 일,1971. 09 수,1971. 10 금,1971. 11 월,1971. 12 수,1972. 01 토,1972. 02 화,1972. 03 수,1972. 04 토,1972. 05 월,1972. 06 목,1972. 07 토,1972. 08 화,1972. 09 금,1972. 10 일,1972. 11 수,1972. 12 금,1973. 01 월,1973. 02 목,1973. 03 목,1973. 04 일,1973. 05 화,1973. 06 금,1973. 07 일,1973. 08 수,1973. 09 토,1973. 10 월,1973. 11 목,1973. 12 토,1974. 01 화,1974. 02 금,1974. 03 금,1974. 04 월,1974. 05 수,1974. 06 토,1974. 07 월,1974. 08 목,1974. 09 일,1974. 10 화,1974. 11 금,1974. 12 일,1975. 01 수,1975. 02 토,1975. 03 토,1975. 04 화,1975. 05 목,1975. 06 일,1975. 07 화,1975. 08 금,1975. 09 월,1975. 10 수,1975. 11 토,1975. 12 월,1976. 01 목,1976. 02 일,1976. 03 월,1976. 04 목,1976. 05 토,1976. 06 화,1976. 07 목,1976. 08 일,1976. 09 수,1976. 10 금,1976. 11 월,1976. 12 수,1977. 01 토,1977. 02 화,1977. 03 화,1977. 04 금,1977. 05 일,1977. 06 수,1977. 07 금,1977. 08 월,1977. 09 목,1977. 10 토,1977. 11 화,1977. 12 목,1978. 01 일,1978. 02 수,1978. 03 수,1978. 04 토,1978. 05 월,1978. 06 목,1978. 07 토,1978. 08 화,1978. 09 금,1978. 10 일,1978. 11 수,1978. 12 금,1979. 01 월,1979. 02 목,1979. 03 목,1979. 04 일,1979. 05 화,1979. 06 금,1979. 07 일,1979. 08 수,1979. 09 토,1979. 10 월,1979. 11 목,1979. 12 토,1980. 01 화,1980. 02 금,1980. 03 토,1980. 04 화,1980. 05 목,1980. 06 일,1980. 07 화,1980. 08 금,1980. 09 월,1980. 10 수,1980. 11 토,1980. 12 월,1981. 01 목,1981. 02 일,1981. 03 일,1981. 04 수,1981. 05 금,1981. 06 월,1981. 07 수,1981. 08 토,1981. 09 화,1981. 10 목,1981. 11 일,1981. 12 화,1982. 01 금,1982. 02 월,1982. 03 월,1982. 04 목,1982. 05 토,1982. 06 화,1982. 07 목,1982. 08 일,1982. 09 수,1982. 10 금,1982. 11 월,1982. 12 수,1983. 01 토,1983. 02 화,1983. 03 화,1983. 04 금,1983. 05 일,1983. 06 수,1983. 07 금,1983. 08 월,1983. 09 목,1983. 10 토,1983. 11 화,1983. 12 목,1984. 01 일,1984. 02 수,1984. 03 목,1984. 04 일,1984. 05 화,1984. 06 금,1984. 07 일,1984. 08 수,1984. 09 토,1984. 10 월,1984. 11 목,1984. 12 토,1985. 01 화,1985. 02 금,1985. 03 금,1985. 04 월,1985. 05 수,1985. 06 토,1985. 07 월,1985. 08 목,1985. 09 일,1985. 10 화,1985. 11 금,1985. 12 일,1986. 01 수,1986. 02 토,1986. 03 토,1986. 04 화,1986. 05 목,1986. 06 일,1986. 07 화,1986. 08 금,1986. 09 월,1986. 10 수,1986. 11 토,1986. 12 월,1987. 01 목,1987. 02 일,1987. 03 일,1987. 04 수,1987. 05 금,1987. 06 월,1987. 07 수,1987. 08 토,1987. 09 화,1987. 10 목,1987. 11 일,1987. 12 화,1988. 01 금,1988. 02 월,1988. 03 화,1988. 04 금,1988. 05 일,1988. 06 수,1988. 07 금,1988. 08 월,1988. 09 목,1988. 10 토,1988. 11 화,1988. 12 목,1989. 01 일,1989. 02 수,1989. 03 수,1989. 04 토,1989. 05 월,1989. 06 목,1989. 07 토,1989. 08 화,1989. 09 금,1989. 10 일,1989. 11 수,1989. 12 금,1990. 01 월,1990. 02 목,1990. 03 목,1990. 04 일,1990. 05 화,1990. 06 금,1990. 07 일,1990. 08 수,1990. 09 토,1990. 10 월,1990. 11 목,1990. 12 토,1991. 01 화,1991. 02 금,1991. 03 금,1991. 04 월,1991. 05 수,1991. 06 토,1991. 07 월,1991. 08 목,1991. 09 일,1991. 10 화,1991. 11 금,1991. 12 일,1992. 01 수,1992. 02 토,1992. 03 일,1992. 04 수,1992. 05 금,1992. 06 월,1992. 07 수,1992. 08 토,1992. 09 화,1992. 10 목,1992. 11 일,1992. 12 화,1993. 01 금,1993. 02 월,1993. 03 월,1993. 04 목,1993. 05 토,1993. 06 화,1993. 07 목,1993. 08 일,1993. 09 수,1993. 10 금,1993. 11 월,1993. 12 수,1994. 01 토,1994. 02 화,1994. 03 화,1994. 04 금,1994. 05 일,1994. 06 수,1994. 07 금,1994. 08 월,1994. 09 목,1994. 10 토,1994. 11 화,1994. 12 목,1995. 01 일,1995. 02 수,1995. 03 수,1995. 04 토,1995. 05 월,1995. 06 목,1995. 07 토,1995. 08 화,1995. 09 금,1995. 10 일,1995. 11 수,1995. 12 금,1996. 01 월,1996. 02 목,1996. 03 금,1996. 04 월,1996. 05 수,1996. 06 토,1996. 07 월,1996. 08 목,1996. 09 일,1996. 10 화,1996. 11 금,1996. 12 일,1997. 01 수,1997. 02 토,1997. 03 토,1997. 04 화,1997. 05 목,1997. 06 일,1997. 07 화,1997. 08 금,1997. 09 월,1997. 10 수,1997. 11 토,1997. 12 월,1998. 01 목,1998. 02 일,1998. 03 일,1998. 04 수,1998. 05 금,1998. 06 월,1998. 07 수,1998. 08 토,1998. 09 화,1998. 10 목,1998. 11 일,1998. 12 화,1999. 01 금,1999. 02 월,1999. 03 월,1999. 04 목,1999. 05 토,1999. 06 화,1999. 07 목,1999. 08 일,1999. 09 수,1999. 10 금,1999. 11 월,1999. 12 수,2000. 01 토,2000. 02 화,2000. 03 수,2000. 04 토,2000. 05 월,2000. 06 목,2000. 07 토,2000. 08 화,2000. 09 금,2000. 10 일,2000. 11 수,2000. 12 금,2001. 01 월,2001. 02 목,2001. 03 목,2001. 04 일,2001. 05 화,2001. 06 금,2001. 07 일,2001. 08 수,2001. 09 토,2001. 10 월,2001. 11 목,2001. 12 토,2002. 01 화,2002. 02 금,2002. 03 금,2002. 04 월,2002. 05 수,2002. 06 토,2002. 07 월,2002. 08 목,2002. 09 일,2002. 10 화,2002. 11 금,2002. 12 일,2003. 01 수,2003. 02 토,2003. 03 토,2003. 04 화,2003. 05 목,2003. 06 일,2003. 07 화,2003. 08 금,2003. 09 월,2003. 10 수,2003. 11 토,2003. 12 월,2004. 01 목,2004. 02 일,2004. 03 월,2004. 04 목,2004. 05 토,2004. 06 화,2004. 07 목,2004. 08 일,2004. 09 수,2004. 10 금,2004. 11 월,2004. 12 수,2005. 01 토,2005. 02 화,2005. 03 화,2005. 04 금,2005. 05 일,2005. 06 수,2005. 07 금,2005. 08 월,2005. 09 목,2005. 10 토,2005. 11 화,2005. 12 목,2006. 01 일,2006. 02 수,2006. 03 수,2006. 04 토,2006. 05 월,2006. 06 목,2006. 07 토,2006. 08 화,2006. 09 금,2006. 10 일,2006. 11 수,2006. 12 금,2007. 01 월,2007. 02 목,2007. 03 목,2007. 04 일,2007. 05 화,2007. 06 금,2007. 07 일,2007. 08 수,2007. 09 토,2007. 10 월,2007. 11 목,2007. 12 토,2008. 01 화,2008. 02 금,2008. 03 토,2008. 04 화,2008. 05 목,2008. 06 일,2008. 07 화,2008. 08 금,2008. 09 월,2008. 10 수,2008. 11 토,2008. 12 월,2009. 01 목,2009. 02 일,2009. 03 일,2009. 04 수,2009. 05 금,2009. 06 월,2009. 07 수,2009. 08 토,2009. 09 화,2009. 10 목,2009. 11 일,2009. 12 화,2010. 01 금,2010. 02 월,2010. 03 월,2010. 04 목,2010. 05 토,2010. 06 화,2010. 07 목,2010. 08 일,2010. 09 수,2010. 10 금,2010. 11 월,2010. 12 수,2011. 01 토,2011. 02 화,2011. 03 화,2011. 04 금,2011. 05 일,2011. 06 수,2011. 07 금,2011. 08 월,2011. 09 목,2011. 10 토,2011. 11 화,2011. 12 목,2012. 01 일,2012. 02 수,2012. 03 목,2012. 04 일,2012. 05 화,2012. 06 금,2012. 07 일,2012. 08 수,2012. 09 토,2012. 10 월,2012. 11 목,2012. 12 토,2013. 01 화,2013. 02 금,2013. 03 금,2013. 04 월,2013. 05 수,2013. 06 토,2013. 07 월,2013. 08 목,2013. 09 일,2013. 10 화,2013. 11 금,2013. 12 일,2014. 01 수,2014. 02 토,2014. 03 토,2014. 04 화,2014. 05 목,2014. 06 일,2014. 07 화,2014. 08 금,2014. 09 월,2014. 10 수,2014. 11 토,2014. 12 월,2015. 01 목,2015. 02 일,2015. 03 일,2015. 04 수,2015. 05 금,2015. 06 월,2015. 07 수,2015. 08 토,2015. 09 화,2015. 10 목,2015. 11 일,2015. 12 화,2016. 01 금,2016. 02 월,2016. 03 화,2016. 04 금,2016. 05 일,2016. 06 수,2016. 07 금,2016. 08 월,2016. 09 목,2016. 10 토,2016. 11 화,2016. 12 목,2017. 01 일,2017. 02 수,2017. 03 수,2017. 04 토,2017. 05 월,2017. 06 목,2017. 07 토,2017. 08 화,2017. 09 금,2017. 10 일,2017. 11 수,2017. 12 금,2018. 01 월,2018. 02 목,2018. 03 목,2018. 04 일,2018. 05 화,2018. 06 금,2018. 07 일,2018. 08 수,2018. 09 토,2018. 10 월,2018. 11 목,2018. 12 토,2019. 01 화,2019. 02 금,2019. 03 금,2019. 04 월,2019. 05 수,2019. 06 토,2019. 07 월,2019. 08 목,2019. 09 일,2019. 10 화,2019. 11 금,2019. 12 일,2020. 01 수,2020. 02 토,2020. 03 일,2020. 04 수,2020. 05 금,2020. 06 월,2020. 07 수,2020. 08 토,2020. 09 화,2020. 10 목,2020. 11 일,2020. 12 화,2021. 01 금,2021. 02 월,2021. 03 월
선행종합지수(2015=100),4.4,4.4,4.4,4.5,4.5,4.5,4.6,4.6,4.6,4.7,4.7,4.7,4.8,4.8,4.9,4.9,4.9,5,5,5,5,5.1,5.1,5.1,5.1,5.1,5.2,5.2,5.3,5.4,5.5,5.6,5.7,5.9,6,6.1,6.3,6.5,6.7,6.8,6.8,6.9,7,7.1,7.1,7.1,7,7,7,7,6.9,6.8,6.8,6.8,6.8,6.7,6.8,6.8,6.9,7,7,7.1,7.1,7.3,7.5,7.6,7.8,7.8,7.9,8,8.1,8.2,8.3,8.5,8.6,8.7,8.8,8.8,8.9,9,9,9,9.1,9.2,9.3,9.3,9.3,9.4,9.5,9.7,9.8,9.9,10,10,10.1,10.2,10.3,10.5,10.6,10.7,10.8,10.8,10.8,10.9,11,11,11.1,11.1,11.3,11.3,11.2,11.1,10.9,10.9,11,11,11.1,11.1,11.1,11.1,11.2,11.3,11.4,11.6,11.7,11.8,11.9,12,12.1,12.2,12.3,12.4,12.6,12.7,12.9,13,13.2,13.3,13.4,13.5,13.6,13.7,13.7,13.7,13.8,13.9,14,14.1,14.2,14.2,14.4,14.5,14.7,14.8,14.9,15.1,15.3,15.4,15.5,15.6,15.8,16,16.1,16.2,16.3,16.4,16.5,16.6,16.7,16.8,16.9,17,17.1,17.2,17.3,17.4,17.4,17.6,17.8,17.9,18,18.1,18.3,18.4,18.5,18.6,18.7,18.9,19,19.2,19.3,19.5,19.6,19.8,20,20.2,20.4,20.6,20.7,20.9,21,21.2,21.3,21.4,21.6,21.7,21.9,22,22.2,22.3,22.5,22.6,22.8,23,23.2,23.4,23.5,23.7,23.8,24,24.1,24.2,24.4,24.6,24.8,24.8,24.9,25,25.2,25.4,25.7,25.9,26.2,26.4,26.6,26.8,27,27.2,27.4,27.6,27.8,28,28.1,28.3,28.4,28.6,28.9,29.2,29.5,29.9,30.1,30.3,30.4,30.5,30.7,30.8,31.1,31.3,31.6,31.7,31.8,32,32.2,32.3,32.4,32.6,32.9,33,33.3,33.4,33.6,33.6,33.8,33.9,34.3,34.7,35,35.1,35.3,35.5,35.8,36.1,36.3,36.5,36.5,36.9,37.3,37.9,38.3,38.8,39.1,39.3,39.5,39.7,39.8,40,40.3,40.7,41,41.6,41.8,42.2,42.2,42.6,42.6,42.9,43.4,43.7,43.8,43.9,44.2,44.3,44.3,44.4,44.6,44.7,44.7,44.5,44.6,44.6,44.4,44.2,44.1,44.5,44.6,45,45.3,45.8,45.9,46.3,46.5,46.8,46.8,46.8,46.4,45.3,44.1,43.5,43.8,44.4,44.7,45,45.4,46.1,46.6,47.2,47.9,48.6,49.5,50.6,51.5,52.4,53.2,54.3,55.2,55.8,56.1,56.2,56.6,56.8,57.7,57.9,58.2,58,58.1,58.3,58.5,59,58.7,58.1,56.7,56.2,55.5,55.7,56,56.4,56.9,57.3,57.5,57.6,57.9,58.3,59.3,60.4,61.8,62.9,64,64.4,64.4,64,63.7,63.6,63.4,63,63.1,63.3,63.4,63.4,63.4,63.3,63.3,63.8,64,64.5,64.9,65.4,65.6,65.8,66.1,66.5,66.8,67,67,66.9,66.8,66.8,67,67.1,67.3,67.4,67.5,67.8,68.4,68.6,68.6,68.6,69,69.5,69.8,70.1,70.5,70.9,71.5,71.7,71.9,71.9,72.1,72,71.8,71.8,72.3,72.9,73.3,73.3,73.5,73.8,74,74.3,74.6,75.1,75.6,76,76.2,76.3,76.6,76.8,76.8,76.6,76.5,76.6,76.6,76.4,76.4,76.5,76.7,76.6,76.4,76.3,76.4,77,77.6,78.8,79.5,80.4,80.8,81.2,81.6,82.3,83.1,83.6,83.9,84,84,84,84.3,84.5,84.7,84.8,84.9,84.7,84.9,85,85.6,85.9,86.1,86.1,86.2,86.3,86.4,86.5,86.5,86.5,86.5,86.6,86.8,87.4,87.8,88.2,88.2,88.5,88.5,88.5,88.6,88.7,89,89.4,89.6,89.9,90.2,90.4,90.8,91.3,91.7,92.1,92.4,92.8,93.1,93.6,93.9,94.2,94.4,94.6,94.8,95.1,95.3,95.7,96.2,96.5,96.9,97.2,97.8,98.2,98.7,99.1,99.6,99.9,100.2,100.5,101.1,101.4,101.7,101.7,101.8,101.8,102.2,102.5,103,103.3,103.8,104.3,104.8,105.2,105.7,106.3,106.8,107.4,107.8,108.3,108.7,109.2,109.6,110.1,110.3,110.7,111,111.1,111.4,111.8,112,112,112.4,112.6,112.9,112.8,113,113,113,113.1,113.2,113.3,113.7,114,114.1,114.1,114.1,114.4,114.9,115.6,116.3,117.1,117.5,117.7,117.4,117.5,117.6,118.3,119,120,120.9,121.6,122.6,123.4,124.1,124.8,125.3
선행종합지수 전월비(%),0,0,0,2.3,0,0,2.2,0,0,2.2,0,0,2.1,0,2.1,0,0,2,0,0,0,2,0,0,0,0,2,0,1.9,1.9,1.9,1.8,1.8,3.5,1.7,1.7,3.3,3.2,3.1,1.5,0,1.5,1.4,1.4,0,0,-1.4,0,0,0,-1.4,-1.4,0,0,0,-1.5,1.5,0,1.5,1.4,0,1.4,0,2.8,2.7,1.3,2.6,0,1.3,1.3,1.3,1.2,1.2,2.4,1.2,1.2,1.1,0,1.1,1.1,0,0,1.1,1.1,1.1,0,0,1.1,1.1,2.1,1,1,1,0,1,1,1,1.9,1,0.9,0.9,0,0,0.9,0.9,0,0.9,0,1.8,0,-0.9,-0.9,-1.8,0,0.9,0,0.9,0,0,0,0.9,0.9,0.9,1.8,0.9,0.9,0.8,0.8,0.8,0.8,0.8,0.8,1.6,0.8,1.6,0.8,1.5,0.8,0.8,0.7,0.7,0.7,0,0,0.7,0.7,0.7,0.7,0.7,0,1.4,0.7,1.4,0.7,0.7,1.3,1.3,0.7,0.6,0.6,1.3,1.3,0.6,0.6,0.6,0.6,0.6,0.6,0.6,0.6,0.6,0.6,0.6,0.6,0.6,0.6,0,1.1,1.1,0.6,0.6,0.6,1.1,0.5,0.5,0.5,0.5,1.1,0.5,1.1,0.5,1,0.5,1,1,1,1,1,0.5,1,0.5,1,0.5,0.5,0.9,0.5,0.9,0.5,0.9,0.5,0.9,0.4,0.9,0.9,0.9,0.9,0.4,0.9,0.4,0.8,0.4,0.4,0.8,0.8,0.8,0,0.4,0.4,0.8,0.8,1.2,0.8,1.2,0.8,0.8,0.8,0.7,0.7,0.7,0.7,0.7,0.7,0.4,0.7,0.4,0.7,1,1,1,1.4,0.7,0.7,0.3,0.3,0.7,0.3,1,0.6,1,0.3,0.3,0.6,0.6,0.3,0.3,0.6,0.9,0.3,0.9,0.3,0.6,0,0.6,0.3,1.2,1.2,0.9,0.3,0.6,0.6,0.8,0.8,0.6,0.6,0,1.1,1.1,1.6,1.1,1.3,0.8,0.5,0.5,0.5,0.3,0.5,0.8,1,0.7,1.5,0.5,1,0,0.9,0,0.7,1.2,0.7,0.2,0.2,0.7,0.2,0,0.2,0.5,0.2,0,-0.4,0.2,0,-0.4,-0.5,-0.2,0.9,0.2,0.9,0.7,1.1,0.2,0.9,0.4,0.6,0,0,-0.9,-2.4,-2.6,-1.4,0.7,1.4,0.7,0.7,0.9,1.5,1.1,1.3,1.5,1.5,1.9,2.2,1.8,1.7,1.5,2.1,1.7,1.1,0.5,0.2,0.7,0.4,1.6,0.3,0.5,-0.3,0.2,0.3,0.3,0.9,-0.5,-1,-2.4,-0.9,-1.2,0.4,0.5,0.7,0.9,0.7,0.3,0.2,0.5,0.7,1.7,1.9,2.3,1.8,1.7,0.6,0,-0.6,-0.5,-0.2,-0.3,-0.6,0.2,0.3,0.2,0,0,-0.2,0,0.8,0.3,0.8,0.6,0.8,0.3,0.3,0.5,0.6,0.5,0.3,0,-0.1,-0.1,0,0.3,0.1,0.3,0.1,0.1,0.4,0.9,0.3,0,0,0.6,0.7,0.4,0.4,0.6,0.6,0.8,0.3,0.3,0,0.3,-0.1,-0.3,0,0.7,0.8,0.5,0,0.3,0.4,0.3,0.4,0.4,0.7,0.7,0.5,0.3,0.1,0.4,0.3,0,-0.3,-0.1,0.1,0,-0.3,0,0.1,0.3,-0.1,-0.3,-0.1,0.1,0.8,0.8,1.5,0.9,1.1,0.5,0.5,0.5,0.9,1,0.6,0.4,0.1,0,0,0.4,0.2,0.2,0.1,0.1,-0.2,0.2,0.1,0.7,0.4,0.2,0,0.1,0.1,0.1,0.1,0,0,0,0.1,0.2,0.7,0.5,0.5,0,0.3,0,0,0.1,0.1,0.3,0.4,0.2,0.3,0.3,0.2,0.4,0.6,0.4,0.4,0.3,0.4,0.3,0.5,0.3,0.3,0.2,0.2,0.2,0.3,0.2,0.4,0.5,0.3,0.4,0.3,0.6,0.4,0.5,0.4,0.5,0.3,0.3,0.3,0.6,0.3,0.3,0,0.1,0,0.4,0.3,0.5,0.3,0.5,0.5,0.5,0.4,0.5,0.6,0.5,0.6,0.4,0.5,0.4,0.5,0.4,0.5,0.2,0.4,0.3,0.1,0.3,0.4,0.2,0,0.4,0.2,0.3,-0.1,0.2,0,0,0.1,0.1,0.1,0.4,0.3,0.1,0,0,0.3,0.4,0.6,0.6,0.7,0.3,0.2,-0.3,0.1,0.1,0.6,0.6,0.8,0.8,0.6,0.8,0.7,0.6,0.6,0.4
선행지수 순환변동치,101.1,101,100.8,100.7,100.5,100.3,100.2,100,99.8,99.6,99.4,99.3,99.1,99.3,99.1,99.5,98.8,99.1,98.7,98.4,97.3,97.1,96.5,95.9,95.2,94.8,94.9,95.1,95.7,96,96.8,97.8,99.7,101.3,103.1,104.1,106.3,108.1,110.5,110.7,110.8,110.2,110.9,111.4,110.8,109.7,108.2,107.1,106.6,105.2,103.4,101.3,99.7,98.6,97.9,96.7,96.3,95.6,96,97.2,96,96.1,95.9,96.9,98.4,99.2,99.8,99.5,99.1,99.8,99.8,100,100.3,100.8,101.7,102.2,102,101.4,101,100.9,100.3,99.9,99.5,99.7,99.4,99,98.3,98.3,98.4,99.8,100.3,100.8,100.5,100.5,101,101.4,102,103,103.7,104.2,104.4,103.7,103.4,103.5,103.8,103.6,103.7,103.5,104.4,103.7,102.9,101.2,99.4,98.9,98.6,98.4,98.6,98.4,97.6,97.2,97.2,97.8,98.1,98.7,98.6,99.2,99,99,98.7,98.9,99,99.2,99.9,100.3,100.6,100.8,101.3,101.7,101.7,101.7,101.6,101.4,101,100.4,100.1,99.8,99.8,99.6,99.4,99,99.3,99.5,99.8,99.9,100.2,100.3,101,101.1,101.2,100.8,101.5,101.8,101.9,101.5,101.4,101.3,101.2,101,101,100.7,100.7,100.6,100.7,100.4,100.2,100.1,99.5,99.6,100.2,100.3,100.1,99.9,100,100.1,99.6,99.5,99.4,99.6,99.7,99.6,99.7,99.8,99.9,99.9,100.1,100.5,100.7,100.9,100.7,100.8,100.8,100.9,100.8,100.6,100.4,100.5,100.6,100.5,100.4,100.2,100.3,100.1,100.2,100.4,100.6,100.8,100.7,100.7,100.5,100.4,100.2,100,100.1,100.3,100.2,99.6,99.1,98.8,99.1,99.3,99.5,99.8,100.1,100.4,100.5,100.3,100.4,100.5,100.5,100.4,100.5,100.4,100.3,100.2,100,100,100.2,100.6,101.1,101.5,101.6,101.5,101.2,101.1,100.9,100.7,100.8,100.8,100.9,100.6,100.4,100.3,100.1,99.8,99.4,99.2,99.2,98.9,99,98.6,98.5,97.9,97.6,97.3,97.8,98.2,98.5,98.3,98.2,98.3,98.3,98.7,98.5,98.5,98.1,98.5,99.1,99.9,100.5,101.1,101.6,101.7,101.7,101.8,101.8,101.9,102.4,103,103.5,104.5,104.8,105.4,104.9,105.2,104.9,104.8,105.5,105.7,105.7,105.4,105.4,105.1,104.6,104.2,104.3,103.8,103.4,102.3,102.1,101.8,100.9,99.9,99.3,99.8,99.5,99.8,100,100.8,100.6,100.9,100.8,101,100.6,100,98.7,95.8,92.8,91.1,91.2,92,92.2,92.1,92.4,93,93.5,94.1,94.7,95.6,96.7,98.1,99.2,100.2,101.2,102.6,103.9,104.6,104.6,104.2,104.6,104.5,105.6,105.6,105.6,104.8,104.5,104.5,104.4,104.9,103.9,102.3,99.5,98.1,96.5,96.3,96.3,96.4,96.9,97,96.7,96.4,96.4,96.7,97.9,99.3,101.1,102.5,104,104.3,104,102.9,102.3,101.8,101.3,100.4,100.3,100.3,100.2,99.9,99.7,99.2,99,99.4,99.3,99.8,99.9,100.4,100.3,100.3,100.6,100.8,100.9,100.9,100.6,100.3,99.8,99.4,99.3,99.3,99.2,99,98.8,99.1,99.6,99.6,99.3,98.9,99.1,99.6,99.8,99.9,100.1,100.4,101,101.1,101.1,100.8,100.8,100.5,99.9,99.7,100.2,100.6,100.9,100.7,100.7,100.8,100.8,100.8,100.8,101.2,101.7,101.8,101.8,101.6,101.6,101.5,101.1,100.5,100.1,99.8,99.5,99,98.6,98.4,98.3,97.9,97.3,97,96.8,97.2,97.7,98.9,99.5,100.3,100.5,100.8,101,101.6,102.2,102.5,102.7,102.5,102.2,102,102,102,101.9,101.7,101.5,101,100.9,100.7,101.1,101.2,101.2,101,100.8,100.7,100.6,100.4,100.2,100,99.8,99.7,99.7,100.1,100.4,100.5,100.2,100.2,100,99.7,99.4,99.3,99.3,99.5,99.4,99.4,99.4,99.4,99.4,99.6,99.7,99.8,99.7,99.8,99.8,99.9,99.9,99.9,99.7,99.6,99.5,99.5,99.4,99.5,99.7,99.7,99.8,99.8,100.1,100.2,100.3,100.5,100.7,100.6,100.6,100.6,100.9,100.8,100.8,100.5,100.2,99.9,99.9,99.9,100,100,100.1,100.3,100.5,100.5,100.7,100.9,101.1,101.3,101.4,101.5,101.5,101.7,101.8,101.9,101.8,101.9,101.8,101.6,101.6,101.6,101.5,101.2,101.2,101.1,101.1,100.7,100.6,100.4,100.2,99.9,99.7,99.6,99.7,99.7,99.5,99.2,99,99,99.1,99.5,99.8,100.2,100.3,100.2,99.7,99.5,99.3,99.7,100,100.6,101,101.4,102,102.4,102.7,102.9,103.1
〔순환변동치 전월차〕(p),0,-0.1,-0.2,-0.1,-0.2,-0.2,-0.1,-0.2,-0.2,-0.2,-0.2,-0.1,-0.2,0.2,-0.2,0.4,-0.7,0.3,-0.4,-0.3,-1.1,-0.2,-0.6,-0.6,-0.7,-0.4,0.1,0.2,0.6,0.3,0.8,1,1.9,1.6,1.8,1,2.2,1.8,2.4,0.2,0.1,-0.6,0.7,0.5,-0.6,-1.1,-1.5,-1.1,-0.5,-1.4,-1.8,-2.1,-1.6,-1.1,-0.7,-1.2,-0.4,-0.7,0.4,1.2,-1.2,0.1,-0.2,1,1.5,0.8,0.6,-0.3,-0.4,0.7,0,0.2,0.3,0.5,0.9,0.5,-0.2,-0.6,-0.4,-0.1,-0.6,-0.4,-0.4,0.2,-0.3,-0.4,-0.7,0,0.1,1.4,0.5,0.5,-0.3,0,0.5,0.4,0.6,1,0.7,0.5,0.2,-0.7,-0.3,0.1,0.3,-0.2,0.1,-0.2,0.9,-0.7,-0.8,-1.7,-1.8,-0.5,-0.3,-0.2,0.2,-0.2,-0.8,-0.4,0,0.6,0.3,0.6,-0.1,0.6,-0.2,0,-0.3,0.2,0.1,0.2,0.7,0.4,0.3,0.2,0.5,0.4,0,0,-0.1,-0.2,-0.4,-0.6,-0.3,-0.3,0,-0.2,-0.2,-0.4,0.3,0.2,0.3,0.1,0.3,0.1,0.7,0.1,0.1,-0.4,0.7,0.3,0.1,-0.4,-0.1,-0.1,-0.1,-0.2,0,-0.3,0,-0.1,0.1,-0.3,-0.2,-0.1,-0.6,0.1,0.6,0.1,-0.2,-0.2,0.1,0.1,-0.5,-0.1,-0.1,0.2,0.1,-0.1,0.1,0.1,0.1,0,0.2,0.4,0.2,0.2,-0.2,0.1,0,0.1,-0.1,-0.2,-0.2,0.1,0.1,-0.1,-0.1,-0.2,0.1,-0.2,0.1,0.2,0.2,0.2,-0.1,0,-0.2,-0.1,-0.2,-0.2,0.1,0.2,-0.1,-0.6,-0.5,-0.3,0.3,0.2,0.2,0.3,0.3,0.3,0.1,-0.2,0.1,0.1,0,-0.1,0.1,-0.1,-0.1,-0.1,-0.2,0,0.2,0.4,0.5,0.4,0.1,-0.1,-0.3,-0.1,-0.2,-0.2,0.1,0,0.1,-0.3,-0.2,-0.1,-0.2,-0.3,-0.4,-0.2,0,-0.3,0.1,-0.4,-0.1,-0.6,-0.3,-0.3,0.5,0.4,0.3,-0.2,-0.1,0.1,0,0.4,-0.2,0,-0.4,0.4,0.6,0.8,0.6,0.6,0.5,0.1,0,0.1,0,0.1,0.5,0.6,0.5,1,0.3,0.6,-0.5,0.3,-0.3,-0.1,0.7,0.2,0,-0.3,0,-0.3,-0.5,-0.4,0.1,-0.5,-0.4,-1.1,-0.2,-0.3,-0.9,-1,-0.6,0.5,-0.3,0.3,0.2,0.8,-0.2,0.3,-0.1,0.2,-0.4,-0.6,-1.3,-2.9,-3,-1.7,0.1,0.8,0.2,-0.1,0.3,0.6,0.5,0.6,0.6,0.9,1.1,1.4,1.1,1,1,1.4,1.3,0.7,0,-0.4,0.4,-0.1,1.1,0,0,-0.8,-0.3,0,-0.1,0.5,-1,-1.6,-2.8,-1.4,-1.6,-0.2,0,0.1,0.5,0.1,-0.3,-0.3,0,0.3,1.2,1.4,1.8,1.4,1.5,0.3,-0.3,-1.1,-0.6,-0.5,-0.5,-0.9,-0.1,0,-0.1,-0.3,-0.2,-0.5,-0.2,0.4,-0.1,0.5,0.1,0.5,-0.1,0,0.3,0.2,0.1,0,-0.3,-0.3,-0.5,-0.4,-0.1,0,-0.1,-0.2,-0.2,0.3,0.5,0,-0.3,-0.4,0.2,0.5,0.2,0.1,0.2,0.3,0.6,0.1,0,-0.3,0,-0.3,-0.6,-0.2,0.5,0.4,0.3,-0.2,0,0.1,0,0,0,0.4,0.5,0.1,0,-0.2,0,-0.1,-0.4,-0.6,-0.4,-0.3,-0.3,-0.5,-0.4,-0.2,-0.1,-0.4,-0.6,-0.3,-0.2,0.4,0.5,1.2,0.6,0.8,0.2,0.3,0.2,0.6,0.6,0.3,0.2,-0.2,-0.3,-0.2,0,0,-0.1,-0.2,-0.2,-0.5,-0.1,-0.2,0.4,0.1,0,-0.2,-0.2,-0.1,-0.1,-0.2,-0.2,-0.2,-0.2,-0.1,0,0.4,0.3,0.1,-0.3,0,-0.2,-0.3,-0.3,-0.1,0,0.2,-0.1,0,0,0,0,0.2,0.1,0.1,-0.1,0.1,0,0.1,0,0,-0.2,-0.1,-0.1,0,-0.1,0.1,0.2,0,0.1,0,0.3,0.1,0.1,0.2,0.2,-0.1,0,0,0.3,-0.1,0,-0.3,-0.3,-0.3,0,0,0.1,0,0.1,0.2,0.2,0,0.2,0.2,0.2,0.2,0.1,0.1,0,0.2,0.1,0.1,-0.1,0.1,-0.1,-0.2,0,0,-0.1,-0.3,0,-0.1,0,-0.4,-0.1,-0.2,-0.2,-0.3,-0.2,-0.1,0.1,0,-0.2,-0.3,-0.2,0,0.1,0.4,0.3,0.4,0.1,-0.1,-0.5,-0.2,-0.2,0.4,0.3,0.6,0.4,0.4,0.6,0.4,0.3,0.2,0.2
선행지수 전년동월비(%),0,0,0,0,0,0,0,0,0,0,0,0,0,0,0,0,0,0,9.1,9,8,7.8,7.2,6.8,6.1,5.8,6.1,6.5,7.6,8.2,9.5,10.9,13.5,15.9,18.2,19.6,22.3,24.4,26.9,26.6,26.1,24.5,24,23.3,20.9,18.2,15.1,12.6,10.7,8,5.2,2.3,0.3,-1.1,-1.9,-2.9,-2.9,-2.8,-1.6,0.6,0.5,2.2,3.5,6.1,9.2,11.3,13.3,14.2,14.7,16.2,16.5,16.8,17.1,17.3,17.7,17.9,17.1,16,15,14.2,12.8,11.8,10.8,10.7,10.3,9.6,8.6,8.5,8.5,9.9,10.3,10.6,10.2,10.2,10.7,10.8,11.2,11.9,12.3,12.3,12,10.8,10.2,9.8,9.6,8.9,8.4,7.8,8.4,7.3,6.2,4.1,2,1.3,0.7,0.4,0.6,0.7,0.4,0.4,1,2.1,3.1,4.6,5.3,6.8,7.4,8.3,8.6,9.2,9.6,10.1,10.9,11.4,11.8,11.9,12.3,12.5,12.2,11.9,11.5,11.1,10.4,9.6,8.9,8.4,8.3,7.9,7.5,7.1,7.4,7.8,8.2,8.4,8.9,9.2,10.1,10.4,10.6,10.3,11.1,11.3,11.3,10.6,10.3,10,9.7,9.2,8.9,8.4,8.3,8,8,7.8,7.5,7.4,6.8,6.9,7.6,7.8,7.8,7.7,7.9,8.2,7.7,7.7,7.6,7.9,8.1,8.1,8.3,8.6,8.8,8.8,9,9.5,9.8,10,9.9,10,10,10.1,9.8,9.5,9.1,9.1,9,8.8,8.5,8.2,8.2,7.9,8,8.2,8.5,8.8,8.6,8.7,8.6,8.5,8.3,8.1,8.1,8.3,8.1,7.5,7,6.6,6.9,7.1,7.3,7.7,8.2,8.7,8.9,8.8,9,9.2,9.2,9.1,9.2,9,8.9,8.7,8.4,8.2,8.3,8.6,9.1,9.5,9.6,9.5,9.2,9,8.7,8.4,8.4,8.2,8.3,7.9,7.6,7.5,7.2,6.9,6.5,6.4,6.6,6.4,6.7,6.5,6.6,6,5.9,5.7,6.4,6.9,7.3,7.2,7.2,7.4,7.5,7.9,7.7,7.6,7.1,7.6,8.2,9,9.6,10.2,10.5,10.2,9.9,9.6,9.2,8.8,8.8,8.9,8.9,9.4,9.2,9.4,8.5,8.5,7.9,7.6,8,8,7.8,7.3,7.2,6.8,6.1,5.4,5.3,4.7,4.2,3.1,2.9,2.6,1.6,0.7,0.2,0.8,0.7,1.3,1.9,3,3.4,4.1,4.4,5,5,4.7,3.6,0.7,-2.3,-4,-3.8,-2.9,-2.6,-2.2,-1.1,0.6,2.1,3.7,5.3,7.3,9.5,12,14.1,15.9,17.5,19.1,19.9,19.7,18.7,17.1,16.3,14.9,14.8,13.4,12.2,10.2,8.8,7.9,6.9,6.6,5.1,3.1,0,-1.6,-3.2,-3.4,-3.2,-2.8,-1.8,-1.1,-0.5,0,0.8,1.8,3.7,5.8,8.4,10.5,12.7,13.4,13,11.4,10,8.6,7.1,5.3,4.3,3.7,3,2.1,1.4,0.6,0.2,0.6,0.7,1.4,2,2.9,3.4,3.8,4.3,4.8,4.9,5,4.6,4.2,3.7,3.2,3,2.8,2.5,2.3,2.1,2.3,2.9,3,2.8,2.5,2.9,3.5,3.8,4,4.4,4.8,5.4,5.4,5.2,4.8,4.7,4.2,3.4,2.9,3.2,3.6,3.7,3.4,3.4,3.5,3.5,3.6,3.6,4,4.5,4.8,4.8,4.7,4.8,4.7,4.2,3.4,2.8,2.5,2.1,1.6,1.2,1,0.9,0.6,0.1,-0.1,-0.1,0.5,1.3,2.8,3.8,5,5.6,6.1,6.6,7.2,7.8,8,8,7.5,6.9,6.4,6,5.5,4.9,4.2,3.6,2.9,2.6,2.3,2.5,2.6,2.5,2.3,2.2,2.1,2.1,2,1.8,1.6,1.4,1.3,1.5,2,2.3,2.6,2.4,2.6,2.5,2.4,2.2,2.2,2.4,2.6,2.6,2.8,2.9,3,3.1,3.4,3.6,3.8,3.8,4.1,4.2,4.4,4.5,4.5,4.3,4.2,4.1,4,3.8,3.8,3.9,3.9,3.9,3.9,4.2,4.3,4.4,4.6,4.8,4.7,4.7,4.7,4.9,4.8,4.6,4.2,3.9,3.5,3.4,3.3,3.3,3.3,3.4,3.6,3.8,3.9,4.2,4.4,4.7,4.9,5,5.1,5.2,5.3,5.3,5.2,5,4.9,4.7,4.3,4.2,4,3.8,3.4,3.3,3.1,3,2.5,2.4,2.1,1.9,1.6,1.5,1.4,1.6,1.7,1.6,1.4,1.3,1.5,1.7,2.2,2.7,3.3,3.5,3.6,3.2,3.1,2.9,3.2,3.6,4.1,4.6,5,5.6,5.9,6.2,6.3,6.3
〔전년동월비 전월차〕(%p),0,0,0,0,0,0,0,0,0,0,0,0,0,0,0,0,0,0,9.1,-0.1,-1,-0.2,-0.6,-0.4,-0.7,-0.3,0.3,0.4,1.1,0.6,1.3,1.4,2.6,2.4,2.3,1.4,2.7,2.1,2.5,-0.3,-0.5,-1.6,-0.5,-0.7,-2.4,-2.7,-3.1,-2.5,-1.9,-2.7,-2.8,-2.9,-2,-1.3,-0.8,-1,0,0.1,1.2,2.1,-0.1,1.7,1.3,2.6,3.1,2.1,2,0.9,0.5,1.5,0.3,0.3,0.3,0.2,0.4,0.2,-0.8,-1.1,-1,-0.8,-1.4,-1,-1,-0.1,-0.4,-0.7,-1,-0.1,0,1.4,0.4,0.3,-0.4,0,0.5,0.1,0.4,0.7,0.4,0,-0.3,-1.2,-0.6,-0.4,-0.2,-0.7,-0.5,-0.6,0.6,-1.1,-1.1,-2.1,-2.1,-0.7,-0.6,-0.3,0.2,0.1,-0.3,0,0.6,1.1,1,1.5,0.7,1.5,0.6,0.9,0.3,0.6,0.4,0.5,0.8,0.5,0.4,0.1,0.4,0.2,-0.3,-0.3,-0.4,-0.4,-0.7,-0.8,-0.7,-0.5,-0.1,-0.4,-0.4,-0.4,0.3,0.4,0.4,0.2,0.5,0.3,0.9,0.3,0.2,-0.3,0.8,0.2,0,-0.7,-0.3,-0.3,-0.3,-0.5,-0.3,-0.5,-0.1,-0.3,0,-0.2,-0.3,-0.1,-0.6,0.1,0.7,0.2,0,-0.1,0.2,0.3,-0.5,0,-0.1,0.3,0.2,0,0.2,0.3,0.2,0,0.2,0.5,0.3,0.2,-0.1,0.1,0,0.1,-0.3,-0.3,-0.4,0,-0.1,-0.2,-0.3,-0.3,0,-0.3,0.1,0.2,0.3,0.3,-0.2,0.1,-0.1,-0.1,-0.2,-0.2,0,0.2,-0.2,-0.6,-0.5,-0.4,0.3,0.2,0.2,0.4,0.5,0.5,0.2,-0.1,0.2,0.2,0,-0.1,0.1,-0.2,-0.1,-0.2,-0.3,-0.2,0.1,0.3,0.5,0.4,0.1,-0.1,-0.3,-0.2,-0.3,-0.3,0,-0.2,0.1,-0.4,-0.3,-0.1,-0.3,-0.3,-0.4,-0.1,0.2,-0.2,0.3,-0.2,0.1,-0.6,-0.1,-0.2,0.7,0.5,0.4,-0.1,0,0.2,0.1,0.4,-0.2,-0.1,-0.5,0.5,0.6,0.8,0.6,0.6,0.3,-0.3,-0.3,-0.3,-0.4,-0.4,0,0.1,0,0.5,-0.2,0.2,-0.9,0,-0.6,-0.3,0.4,0,-0.2,-0.5,-0.1,-0.4,-0.7,-0.7,-0.1,-0.6,-0.5,-1.1,-0.2,-0.3,-1,-0.9,-0.5,0.6,-0.1,0.6,0.6,1.1,0.4,0.7,0.3,0.6,0,-0.3,-1.1,-2.9,-2.9,-1.7,0.2,0.9,0.3,0.4,1.1,1.6,1.5,1.6,1.6,2,2.2,2.5,2.1,1.8,1.6,1.6,0.8,-0.2,-1,-1.6,-0.8,-1.4,-0.1,-1.4,-1.2,-2,-1.4,-0.9,-1,-0.3,-1.5,-2,-3.1,-1.5,-1.6,-0.2,0.2,0.4,1,0.7,0.6,0.4,0.8,1,1.9,2.1,2.6,2.1,2.2,0.7,-0.4,-1.6,-1.4,-1.4,-1.5,-1.8,-1,-0.6,-0.7,-0.9,-0.7,-0.8,-0.4,0.4,0.1,0.7,0.6,0.9,0.5,0.4,0.5,0.5,0.1,0.1,-0.4,-0.4,-0.5,-0.5,-0.2,-0.2,-0.3,-0.2,-0.2,0.2,0.6,0.1,-0.2,-0.3,0.4,0.6,0.3,0.2,0.4,0.4,0.6,0,-0.2,-0.4,-0.1,-0.5,-0.8,-0.5,0.3,0.4,0.1,-0.3,0,0.1,0,0.1,0,0.4,0.5,0.3,0,-0.1,0.1,-0.1,-0.5,-0.8,-0.6,-0.3,-0.4,-0.5,-0.4,-0.2,-0.1,-0.3,-0.5,-0.1,0,0.5,0.8,1.5,1,1.2,0.6,0.5,0.5,0.6,0.6,0.2,0,-0.5,-0.6,-0.5,-0.4,-0.5,-0.6,-0.7,-0.6,-0.7,-0.3,-0.3,0.2,0.1,-0.1,-0.2,-0.1,-0.1,0,-0.1,-0.2,-0.2,-0.2,-0.1,0.2,0.5,0.3,0.3,-0.2,0.2,-0.1,-0.1,-0.2,0,0.2,0.2,0,0.2,0.1,0.1,0.1,0.3,0.2,0.2,0,0.3,0.1,0.2,0.1,0,-0.2,-0.1,-0.1,-0.1,-0.2,0,0.1,0,0,0,0.3,0.1,0.1,0.2,0.2,-0.1,0,0,0.2,-0.1,-0.2,-0.4,-0.3,-0.4,-0.1,-0.1,0,0,0.1,0.2,0.2,0.1,0.3,0.2,0.3,0.2,0.1,0.1,0.1,0.1,0,-0.1,-0.2,-0.1,-0.2,-0.4,-0.1,-0.2,-0.2,-0.4,-0.1,-0.2,-0.1,-0.5,-0.1,-0.3,-0.2,-0.3,-0.1,-0.1,0.2,0.1,-0.1,-0.2,-0.1,0.2,0.2,0.5,0.5,0.6,0.2,0.1,-0.4,-0.1,-0.2,0.3,0.4,0.5,0.5,0.4,0.6,0.3,0.3,0.1,0
동행종합지수(2015=100),4,4.1,4.2,4.3,4.3,4.4,4.4,4.4,4.5,4.5,4.5,4.6,4.6,4.7,4.7,4.8,4.8,4.9,5,5,5,4.9,5,5,5,5,5,5.1,5.2,5.2,5.3,5.4,5.5,5.6,5.7,5.8,5.9,6,6,6.2,6.3,6.4,6.4,6.6,6.7,6.8,6.9,7,7,7.2,7.2,7.2,7.3,7.3,7.4,7.4,7.4,7.4,7.4,7.5,7.5,7.7,7.7,7.8,7.8,7.9,7.9,8.1,8.1,8.3,8.4,8.6,8.7,8.8,8.9,9,9.2,9.3,9.6,9.7,9.9,9.9,9.9,10,10.1,10.2,10.3,10.4,10.5,10.7,10.8,11,11,11.2,11.3,11.5,11.8,12,12.1,12.1,12.3,12.4,12.5,12.6,12.8,12.9,13,13.2,13.3,13.4,13.5,13.4,13.4,13.4,13.4,13.4,13.4,13.4,13.5,13.5,13.5,13.5,13.4,13.3,13.3,13.2,13.3,13.3,13.3,13.3,13.4,13.5,13.6,13.7,13.9,14,14.1,14.1,14.1,14.2,14.2,14.3,14.3,14.3,14.3,14.3,14.3,14.3,14.3,14.4,14.5,14.5,14.7,14.7,14.9,14.9,15,15.1,15.2,15.2,15.4,15.5,15.6,15.7,15.8,15.9,16.1,16.2,16.3,16.4,16.5,16.6,16.7,16.8,16.9,16.9,17,17,17,17.1,17.1,17.1,17.2,17.4,17.6,17.7,17.8,17.8,17.9,18,18.2,18.5,18.6,18.7,18.9,19,19.3,19.5,19.7,19.9,20,20.1,20.3,20.4,20.5,20.7,20.9,21.2,21.5,21.7,21.9,21.9,21.9,22.1,22.5,22.8,22.9,23.1,23.1,23.2,23.2,23.3,23.4,23.6,23.8,24,24.1,24.2,24.3,24.5,24.6,24.7,24.8,25,25.2,25.6,25.9,26,26.1,26.3,26.4,26.6,26.9,27.1,27.3,27.4,27.6,27.8,28.1,28.2,28.4,28.6,28.9,29.2,29.4,29.6,29.8,30,30.2,30.4,30.7,30.9,31.2,31.3,31.4,31.6,31.7,31.9,32,32.1,32.3,32.4,32.4,32.5,32.6,32.7,32.9,32.9,33.1,33.2,33.4,33.7,34,34.2,34.5,34.7,35,35.2,35.5,35.7,35.9,36.2,36.4,36.7,37,37.2,37.4,37.7,38,38.4,38.6,38.8,39.1,39.3,39.6,40,40.2,40.5,40.8,41.1,41.4,41.8,42.1,42.5,42.6,42.9,43.2,43.4,43.5,43.6,43.9,44.1,44.4,44.6,44.6,44.8,44.8,45.2,45.3,45.4,45.5,45.6,45.8,45.7,45.7,45.4,44.9,44.2,43.5,43.2,43.1,43,42.9,43,43.3,44.1,44.9,45.4,45.8,46.2,46.7,47.2,47.7,48.4,49.1,49.7,50.4,50.9,51.5,51.9,52.4,52.7,53.2,53.6,54.2,54.6,55.5,55.8,56,56,56.1,56.1,56.2,56.4,56.7,56.9,57.4,57.7,57.7,58,58.6,59.2,59.7,59.8,60.4,61,61.9,62.3,62.6,62.6,62.9,63.1,63.6,63.9,64.2,64.4,64.5,64.4,64.4,64.2,64.3,64.6,64.7,64.9,65.1,65.6,65.9,66.3,66.7,67.3,67.7,67.8,67.8,67.9,67.8,67.7,67.9,68.1,68.3,68.3,68.4,68.5,68.8,69,69.3,69.6,69.9,70.2,70.4,70.7,71.2,71.7,72.2,72.3,72.7,72.9,73.3,73.4,73.2,73.4,73.7,74.7,75.2,75.5,75.6,75.9,76.3,76.7,77,77.2,77.5,77.8,78,78.3,78.7,79.2,79.6,79.8,80,80,80.1,79.9,79.9,80,80.1,80.1,79.7,79,78.6,78.7,79,79.4,79.6,80.4,80.7,81,81.3,81.8,82.1,82.3,82.7,83.3,84,84.6,85.2,85.6,86,86,85.9,85.7,85.9,86.4,87.4,87.4,87.9,87.8,88.3,88.8,89.1,89.5,89.3,89.6,89.5,89.7,89.6,90.2,90.3,90.5,90.7,91,91.4,91,91.1,91.1,91.5,91.9,92.1,92.4,92.4,92.8,93,93.5,93.7,94,94.1,94.6,94.8,95.2,95.7,96,96.3,96.5,96.5,96.7,97,97.3,97.3,97.2,97.4,97.9,98.2,98.9,99,99.3,99.1,99.3,99.5,100.2,101,101.8,101.8,101.9,101.9,102,102.1,102.5,103,103.5,104.1,104.4,104.5,104.6,105.1,105.6,106.3,106.6,107.1,107.5,107.9,108.1,108.3,108.5,108.9,109,109.3,109.1,109.3,109.8,110.1,110.3,110.5,110.6,110.7,110.8,110.6,110.7,110.7,110.7,111.1,110.8,111,111.2,111.8,112,112.2,112.6,112.7,112.8,112.8,113.4,113.8,113.2,112.1,111.1,110.4,110.7,111,111.8,112.3,113,113.8,114,113.9,114.3,115.1
동행종합지수 전월비(%),0,2.5,2.4,2.4,0,2.3,0,0,2.3,0,0,2.2,0,2.2,0,2.1,0,2.1,2,0,0,-2,2,0,0,0,0,2,2,0,1.9,1.9,1.9,1.8,1.8,1.8,1.7,1.7,0,3.3,1.6,1.6,0,3.1,1.5,1.5,1.5,1.4,0,2.9,0,0,1.4,0,1.4,0,0,0,0,1.4,0,2.7,0,1.3,0,1.3,0,2.5,0,2.5,1.2,2.4,1.2,1.1,1.1,1.1,2.2,1.1,3.2,1,2.1,0,0,1,1,1,1,1,1,1.9,0.9,1.9,0,1.8,0.9,1.8,2.6,1.7,0.8,0,1.7,0.8,0.8,0.8,1.6,0.8,0.8,1.5,0.8,0.8,0.7,-0.7,0,0,0,0,0,0,0.7,0,0,0,-0.7,-0.7,0,-0.8,0.8,0,0,0,0.8,0.7,0.7,0.7,1.5,0.7,0.7,0,0,0.7,0,0.7,0,0,0,0,0,0,0,0.7,0.7,0,1.4,0,1.4,0,0.7,0.7,0.7,0,1.3,0.6,0.6,0.6,0.6,0.6,1.3,0.6,0.6,0.6,0.6,0.6,0.6,0.6,0.6,0,0.6,0,0,0.6,0,0,0.6,1.2,1.1,0.6,0.6,0,0.6,0.6,1.1,1.6,0.5,0.5,1.1,0.5,1.6,1,1,1,0.5,0.5,1,0.5,0.5,1,1,1.4,1.4,0.9,0.9,0,0,0.9,1.8,1.3,0.4,0.9,0,0.4,0,0.4,0.4,0.9,0.8,0.8,0.4,0.4,0.4,0.8,0.4,0.4,0.4,0.8,0.8,1.6,1.2,0.4,0.4,0.8,0.4,0.8,1.1,0.7,0.7,0.4,0.7,0.7,1.1,0.4,0.7,0.7,1,1,0.7,0.7,0.7,0.7,0.7,0.7,1,0.7,1,0.3,0.3,0.6,0.3,0.6,0.3,0.3,0.6,0.3,0,0.3,0.3,0.3,0.6,0,0.6,0.3,0.6,0.9,0.9,0.6,0.9,0.6,0.9,0.6,0.9,0.6,0.6,0.8,0.6,0.8,0.8,0.5,0.5,0.8,0.8,1.1,0.5,0.5,0.8,0.5,0.8,1,0.5,0.7,0.7,0.7,0.7,1,0.7,1,0.2,0.7,0.7,0.5,0.2,0.2,0.7,0.5,0.7,0.5,0,0.4,0,0.9,0.2,0.2,0.2,0.2,0.4,-0.2,0,-0.7,-1.1,-1.6,-1.6,-0.7,-0.2,-0.2,-0.2,0.2,0.7,1.8,1.8,1.1,0.9,0.9,1.1,1.1,1.1,1.5,1.4,1.2,1.4,1,1.2,0.8,1,0.6,0.9,0.8,1.1,0.7,1.6,0.5,0.4,0,0.2,0,0.2,0.4,0.5,0.4,0.9,0.5,0,0.5,1,1,0.8,0.2,1,1,1.5,0.6,0.5,0,0.5,0.3,0.8,0.5,0.5,0.3,0.2,-0.2,0,-0.3,0.2,0.5,0.2,0.3,0.3,0.8,0.5,0.6,0.6,0.9,0.6,0.1,0,0.1,-0.1,-0.1,0.3,0.3,0.3,0,0.1,0.1,0.4,0.3,0.4,0.4,0.4,0.4,0.3,0.4,0.7,0.7,0.7,0.1,0.6,0.3,0.5,0.1,-0.3,0.3,0.4,1.4,0.7,0.4,0.1,0.4,0.5,0.5,0.4,0.3,0.4,0.4,0.3,0.4,0.5,0.6,0.5,0.3,0.3,0,0.1,-0.2,0,0.1,0.1,0,-0.5,-0.9,-0.5,0.1,0.4,0.5,0.3,1,0.4,0.4,0.4,0.6,0.4,0.2,0.5,0.7,0.8,0.7,0.7,0.5,0.5,0,-0.1,-0.2,0.2,0.6,1.2,0,0.6,-0.1,0.6,0.6,0.3,0.4,-0.2,0.3,-0.1,0.2,-0.1,0.7,0.1,0.2,0.2,0.3,0.4,-0.4,0.1,0,0.4,0.4,0.2,0.3,0,0.4,0.2,0.5,0.2,0.3,0.1,0.5,0.2,0.4,0.5,0.3,0.3,0.2,0,0.2,0.3,0.3,0,-0.1,0.2,0.5,0.3,0.7,0.1,0.3,-0.2,0.2,0.2,0.7,0.8,0.8,0,0.1,0,0.1,0.1,0.4,0.5,0.5,0.6,0.3,0.1,0.1,0.5,0.5,0.7,0.3,0.5,0.4,0.4,0.2,0.2,0.2,0.4,0.1,0.3,-0.2,0.2,0.5,0.3,0.2,0.2,0.1,0.1,0.1,-0.2,0.1,0,0,0.4,-0.3,0.2,0.2,0.5,0.2,0.2,0.4,0.1,0.1,0,0.5,0.4,-0.5,-1,-0.9,-0.6,0.3,0.3,0.7,0.4,0.6,0.7,0.2,-0.1,0.4,0.7
동행지수 순환변동치,100.6,101.5,101.9,103.2,103.2,103.2,103,102.6,102.7,102.1,101.9,101.4,101.1,101.3,101.5,101.8,101.9,102.3,102,101.2,99.9,98.7,98.5,97.8,96.2,95.4,94.7,95.6,95.4,95.9,95.8,96,96.9,97.4,98.2,99.4,100.5,100.6,100.4,101.1,102.2,102.3,102.6,103.6,104.8,105.7,105.7,105.2,105.2,106.1,105.3,103.9,104,104,104.5,103.2,101.9,100.1,99.5,99.4,99.5,100.1,99.9,99.4,98.6,98.2,97.4,98.4,98.1,98.5,98.9,99.1,99.8,99.5,99.4,99,99.2,99.7,101.1,101.5,101.3,99.9,99.3,98.5,98.1,97.9,97.6,97.9,97.3,98.2,97.4,97.8,97.3,98,98.1,99.3,100.6,101.3,101.4,101.5,101.7,101.7,102,102.7,103.4,103.8,104.1,104.4,105.1,105.1,104.8,103.9,104,103.4,103.4,102.5,102.2,102.5,102.4,102.5,102.5,101.8,101.3,100.4,99.6,98.7,98.4,98.5,98,98.2,98,98.5,99.2,99.8,100.7,101,101.5,101.4,101.4,101.5,101.3,101.4,101.1,100.9,100.5,99.8,99.6,99.2,99,99.1,99.2,99,99.5,99.3,99.7,99.7,100,100.1,100,99.8,100.3,100.7,100.8,100.9,101,101.2,101.3,101.3,101.8,101.5,101.7,101.4,101.4,101.6,101.5,101.3,100.7,100.1,99.5,99.3,98.6,98.4,98.2,98.5,98.7,98.8,98.6,98.1,97.8,97.8,98.2,98.8,98.8,98.9,98.8,99.1,100,100.4,100.5,100.6,100.5,100.3,100.1,100.1,99.8,100,100.4,100.7,101.4,101.9,102.1,101,100.4,100.6,101.7,102.2,102.1,102.2,101.7,101.1,100.3,100,99.8,100.1,100.1,100.4,100.2,99.7,99.6,99.4,99.4,99,98.8,98.8,99.1,99.8,100.2,100.1,99.9,99.8,99.6,99.8,99.9,100.2,100.1,100,99.9,100.2,100.3,100.2,100.3,100.2,100.6,101.2,101.2,101.3,101.4,101.3,101.3,101.4,101.7,101.9,102,101.7,101.6,101.3,101.1,101.1,100.6,100.3,100,99.6,99,98.6,98.1,98,97.8,97.2,97,96.8,96.9,97.1,97.4,97.5,97.7,97.8,98,98.1,98.4,98.5,98.5,98.7,98.7,99,99.2,99.2,99.3,99.7,100.2,100.6,100.9,101.1,101.4,101.5,101.9,102.3,102.6,103.1,103.5,103.6,103.7,104.2,104.5,104.9,104.7,104.9,105.2,105,104.9,104.6,104.6,104.7,104.8,104.9,104.3,104.3,104.1,104.5,104.5,104.3,104.2,104.2,104.1,103.7,103.2,102.3,100.7,98.6,96.6,95.4,94.7,93.9,93.3,93,93.2,94.3,95.5,96.1,96.5,96.6,96.9,97.2,97.5,98.1,98.8,99.3,99.8,99.9,100.4,100.4,100.4,100.4,100.7,100.9,101.4,101.7,102.6,102.5,102.3,101.7,101.2,100.6,100.2,99.9,99.8,99.5,99.7,99.7,99.1,98.9,99.4,99.8,100.1,99.7,100.1,100.6,101.5,101.7,101.5,101.1,101.1,101,101.3,101.3,101.5,101.4,101.2,100.7,100.4,99.8,99.7,99.7,99.6,99.6,99.7,100,100.2,100.5,100.8,101.4,101.5,101.5,101.1,100.9,100.5,100,99.8,99.6,99.6,99.1,99,98.7,98.8,98.6,98.7,98.6,98.7,98.7,98.7,98.7,99.2,99.5,99.8,99.7,99.9,99.9,100.1,100,99.4,99.3,99.5,100.6,100.9,101.1,100.9,101.1,101.2,101.5,101.5,101.5,101.6,101.7,101.5,101.7,101.8,102.2,102.4,102.4,102.3,102.1,101.8,101.3,101,100.9,100.8,100.5,99.7,98.5,97.8,97.6,97.7,97.9,97.9,98.5,98.6,98.7,98.8,99,99.2,99.1,99.2,99.6,100.1,100.4,100.8,100.9,101.1,100.8,100.3,99.8,99.7,99.9,100.8,100.6,100.8,100.4,100.7,101.1,101.1,101.3,100.9,101,100.6,100.5,100.3,100.6,100.6,100.5,100.5,100.5,100.7,100.1,100,99.6,99.9,100,99.9,99.9,99.7,99.8,99.8,100,99.9,99.9,99.8,100,100,100.1,100.4,100.4,100.5,100.4,100.1,100.1,100.1,100.1,99.9,99.6,99.4,99.7,99.7,100.2,100,100.1,99.5,99.5,99.5,99.9,100.5,100.9,100.7,100.6,100.2,100.1,100,100,100.3,100.6,100.8,100.9,100.8,100.6,100.8,101.1,101.5,101.5,101.8,101.9,102,102,102,101.9,102.1,101.9,101.9,101.5,101.5,101.7,101.8,101.8,101.6,101.6,101.4,101.2,100.8,100.7,100.4,100.2,100.3,99.9,99.8,99.7,100.1,100,100,100.3,100.3,100.2,100.1,100.5,100.7,100.1,99,97.9,97.2,97.4,97.6,98.1,98.5,99,99.5,99.7,99.4,99.7,100.2
〔순환변동치 전월차〕(p),0,0.9,0.4,1.3,0,0,-0.2,-0.4,0.1,-0.6,-0.2,-0.5,-0.3,0.2,0.2,0.3,0.1,0.4,-0.3,-0.8,-1.3,-1.2,-0.2,-0.7,-1.6,-0.8,-0.7,0.9,-0.2,0.5,-0.1,0.2,0.9,0.5,0.8,1.2,1.1,0.1,-0.2,0.7,1.1,0.1,0.3,1,1.2,0.9,0,-0.5,0,0.9,-0.8,-1.4,0.1,0,0.5,-1.3,-1.3,-1.8,-0.6,-0.1,0.1,0.6,-0.2,-0.5,-0.8,-0.4,-0.8,1,-0.3,0.4,0.4,0.2,0.7,-0.3,-0.1,-0.4,0.2,0.5,1.4,0.4,-0.2,-1.4,-0.6,-0.8,-0.4,-0.2,-0.3,0.3,-0.6,0.9,-0.8,0.4,-0.5,0.7,0.1,1.2,1.3,0.7,0.1,0.1,0.2,0,0.3,0.7,0.7,0.4,0.3,0.3,0.7,0,-0.3,-0.9,0.1,-0.6,0,-0.9,-0.3,0.3,-0.1,0.1,0,-0.7,-0.5,-0.9,-0.8,-0.9,-0.3,0.1,-0.5,0.2,-0.2,0.5,0.7,0.6,0.9,0.3,0.5,-0.1,0,0.1,-0.2,0.1,-0.3,-0.2,-0.4,-0.7,-0.2,-0.4,-0.2,0.1,0.1,-0.2,0.5,-0.2,0.4,0,0.3,0.1,-0.1,-0.2,0.5,0.4,0.1,0.1,0.1,0.2,0.1,0,0.5,-0.3,0.2,-0.3,0,0.2,-0.1,-0.2,-0.6,-0.6,-0.6,-0.2,-0.7,-0.2,-0.2,0.3,0.2,0.1,-0.2,-0.5,-0.3,0,0.4,0.6,0,0.1,-0.1,0.3,0.9,0.4,0.1,0.1,-0.1,-0.2,-0.2,0,-0.3,0.2,0.4,0.3,0.7,0.5,0.2,-1.1,-0.6,0.2,1.1,0.5,-0.1,0.1,-0.5,-0.6,-0.8,-0.3,-0.2,0.3,0,0.3,-0.2,-0.5,-0.1,-0.2,0,-0.4,-0.2,0,0.3,0.7,0.4,-0.1,-0.2,-0.1,-0.2,0.2,0.1,0.3,-0.1,-0.1,-0.1,0.3,0.1,-0.1,0.1,-0.1,0.4,0.6,0,0.1,0.1,-0.1,0,0.1,0.3,0.2,0.1,-0.3,-0.1,-0.3,-0.2,0,-0.5,-0.3,-0.3,-0.4,-0.6,-0.4,-0.5,-0.1,-0.2,-0.6,-0.2,-0.2,0.1,0.2,0.3,0.1,0.2,0.1,0.2,0.1,0.3,0.1,0,0.2,0,0.3,0.2,0,0.1,0.4,0.5,0.4,0.3,0.2,0.3,0.1,0.4,0.4,0.3,0.5,0.4,0.1,0.1,0.5,0.3,0.4,-0.2,0.2,0.3,-0.2,-0.1,-0.3,0,0.1,0.1,0.1,-0.6,0,-0.2,0.4,0,-0.2,-0.1,0,-0.1,-0.4,-0.5,-0.9,-1.6,-2.1,-2,-1.2,-0.7,-0.8,-0.6,-0.3,0.2,1.1,1.2,0.6,0.4,0.1,0.3,0.3,0.3,0.6,0.7,0.5,0.5,0.1,0.5,0,0,0,0.3,0.2,0.5,0.3,0.9,-0.1,-0.2,-0.6,-0.5,-0.6,-0.4,-0.3,-0.1,-0.3,0.2,0,-0.6,-0.2,0.5,0.4,0.3,-0.4,0.4,0.5,0.9,0.2,-0.2,-0.4,0,-0.1,0.3,0,0.2,-0.1,-0.2,-0.5,-0.3,-0.6,-0.1,0,-0.1,0,0.1,0.3,0.2,0.3,0.3,0.6,0.1,0,-0.4,-0.2,-0.4,-0.5,-0.2,-0.2,0,-0.5,-0.1,-0.3,0.1,-0.2,0.1,-0.1,0.1,0,0,0,0.5,0.3,0.3,-0.1,0.2,0,0.2,-0.1,-0.6,-0.1,0.2,1.1,0.3,0.2,-0.2,0.2,0.1,0.3,0,0,0.1,0.1,-0.2,0.2,0.1,0.4,0.2,0,-0.1,-0.2,-0.3,-0.5,-0.3,-0.1,-0.1,-0.3,-0.8,-1.2,-0.7,-0.2,0.1,0.2,0,0.6,0.1,0.1,0.1,0.2,0.2,-0.1,0.1,0.4,0.5,0.3,0.4,0.1,0.2,-0.3,-0.5,-0.5,-0.1,0.2,0.9,-0.2,0.2,-0.4,0.3,0.4,0,0.2,-0.4,0.1,-0.4,-0.1,-0.2,0.3,0,-0.1,0,0,0.2,-0.6,-0.1,-0.4,0.3,0.1,-0.1,0,-0.2,0.1,0,0.2,-0.1,0,-0.1,0.2,0,0.1,0.3,0,0.1,-0.1,-0.3,0,0,0,-0.2,-0.3,-0.2,0.3,0,0.5,-0.2,0.1,-0.6,0,0,0.4,0.6,0.4,-0.2,-0.1,-0.4,-0.1,-0.1,0,0.3,0.3,0.2,0.1,-0.1,-0.2,0.2,0.3,0.4,0,0.3,0.1,0.1,0,0,-0.1,0.2,-0.2,0,-0.4,0,0.2,0.1,0,-0.2,0,-0.2,-0.2,-0.4,-0.1,-0.3,-0.2,0.1,-0.4,-0.1,-0.1,0.4,-0.1,0,0.3,0,-0.1,-0.1,0.4,0.2,-0.6,-1.1,-1.1,-0.7,0.2,0.2,0.5,0.4,0.5,0.5,0.2,-0.3,0.3,0.5
후행종합지수(2015=100),4.1,4.2,4.3,4.3,4.4,4.5,4.6,4.6,4.6,4.8,4.8,4.8,4.9,4.9,4.9,4.9,4.8,4.9,5,5.1,5.1,5.1,5.1,5.2,5.2,5.3,5.3,5.4,5.4,5.4,5.4,5.4,5.5,5.5,5.6,5.6,5.6,5.7,5.7,5.8,5.9,5.9,6,6.1,6.2,6.3,6.4,6.4,6.4,6.5,6.5,6.6,6.6,6.8,7,7,7.1,7.1,7.2,7.3,7.3,7.3,7.3,7.4,7.4,7.3,7.3,7.4,7.4,7.5,7.5,7.6,7.8,7.9,8,8.1,8.2,8.3,8.4,8.4,8.4,8.4,8.5,8.7,8.8,8.9,9,9,9.1,9.2,9.3,9.5,9.5,9.7,9.8,9.9,10.1,10.1,10.2,10.3,10.4,10.5,10.6,10.8,10.9,11.1,11.2,11.3,11.5,11.7,11.9,12.2,12.1,12.3,12.3,12.4,12.4,12.5,12.6,12.7,12.6,12.8,12.9,13.1,13.2,13.4,13.5,13.5,13.6,13.6,13.6,13.7,13.7,13.7,13.7,13.8,13.8,13.9,14,14,14.1,14.3,14.5,14.6,14.7,14.7,14.7,14.8,14.8,14.9,14.9,14.9,14.9,14.9,15,15.1,15.2,15.3,15.4,15.4,15.5,15.6,15.6,15.8,15.9,15.9,16,16.1,16.2,16.3,16.4,16.5,16.6,16.7,16.8,17,17.2,17.3,17.4,17.5,17.5,17.6,17.7,17.9,18,18.1,18.2,18.2,18.4,18.5,18.6,18.7,18.8,19,19.1,19.2,19.3,19.3,19.5,19.6,19.7,19.8,19.9,20.1,20.3,20.5,20.7,20.9,21,21.2,21.2,21.3,21.3,21.4,21.6,21.8,22,22.2,22.4,22.4,22.5,22.7,23,23.2,23.4,23.7,24,24.2,24.4,24.6,24.9,25.1,25.3,25.5,25.7,26,26.2,26.5,26.7,27,27.2,27.4,27.6,27.8,28,28.3,28.6,28.8,29.1,29.3,29.7,30.1,30.5,30.9,31.3,31.7,31.9,32.2,32.5,32.8,33.2,33.6,33.9,34.1,34.4,34.6,35,35.2,35.5,35.7,35.9,36.2,36.3,36.5,36.5,36.7,36.8,37,37.1,37.2,37.4,37.7,38,38.4,38.7,39,39.1,39.2,39.5,39.7,40.1,40.3,40.7,40.9,41.2,41.6,41.9,42.3,42.8,43.2,43.7,44.1,44.6,44.9,45.3,45.7,46.1,46.4,46.8,47,47.3,47.5,47.8,48.4,49,49.4,49.8,50.2,50.6,50.9,51,51.4,51.6,51.8,51.9,52.1,52.5,53.1,53.5,53.8,53.9,53.9,53.8,53.8,53.9,54,53.6,53,52.6,52.4,52.2,51.9,51.7,51.4,51,50.8,50.9,51.1,51.1,51,51.1,51,51.2,51.6,52.1,52.3,52.3,52.7,53.3,53.9,54.6,55.1,55.5,55.8,56.3,56.8,57.2,57.5,57.9,58.3,58.9,59.3,59.5,59.6,60,60.4,60.9,61.2,61.3,61.4,61.6,61.8,62.1,62.4,62.6,62.8,62.7,63,63.2,63.5,63.7,64,64.2,64.4,64.5,64.7,65.2,65.4,65.7,66,66.2,66.4,66.5,66.7,66.8,67,67.2,67.4,67.7,68,68.2,68.4,68.5,68.5,68.6,68.7,68.9,69.1,69.3,69.5,69.7,69.9,70.1,70.2,70.4,70.6,70.7,70.8,71.1,71.3,71.6,71.8,72.2,72.5,72.8,73.1,73.4,73.7,74,74.2,74.5,74.7,75,75.2,75.5,75.8,76.1,76.3,76.5,76.7,77,77.2,77.4,77.7,78,78.3,78.7,79,79.4,79.6,79.9,80.2,80.5,80.7,80.9,81.1,81.3,81.4,81.4,81.1,80.8,80.7,80.7,81,81.2,81.5,81.6,82,82.2,82.4,82.6,83.1,83.4,83.6,83.9,84.1,84.4,84.6,84.9,85.1,85.3,85.6,86,86.4,86.8,87.2,87.7,88.1,88.4,88.7,88.9,89.2,89.4,89.7,89.9,90.1,90.2,90.3,90.5,90.7,90.9,91,91.2,91.4,91.7,91.9,92.3,92.5,92.8,93,93.3,93.5,93.7,94,94.3,94.6,94.9,95.2,95.5,95.7,96.1,96.4,96.7,96.9,97.1,97.4,97.7,97.9,98.1,98.3,98.5,98.9,99.1,99.3,99.5,99.7,100,100.4,100.7,101,101.2,101.5,101.9,102.3,102.5,102.7,102.9,103.2,103.4,103.6,103.8,104.1,104.3,104.6,104.9,105.2,105.5,105.8,106.1,106.4,106.7,107,107.3,107.5,107.8,108.2,108.5,108.9,109.1,109.5,109.8,110.1,110.3,110.6,110.8,111.1,111.5,111.9,112.2,112.5,112.7,113,113.3,113.5,113.8,114.1,114.4,114.6,114.8,115.1,115.4,115.7,115.9,116,116.2,116.4,116.6,116.9,117.2,117.4,117.6,117.9,118.2,118.6,119
후행종합지수 전월비(%),0,2.4,2.4,0,2.3,2.3,2.2,0,0,4.3,0,0,2.1,0,0,0,-2,2.1,2,2,0,0,0,2,0,1.9,0,1.9,0,0,0,0,1.9,0,1.8,0,0,1.8,0,1.8,1.7,0,1.7,1.7,1.6,1.6,1.6,0,0,1.6,0,1.5,0,3,2.9,0,1.4,0,1.4,1.4,0,0,0,1.4,0,-1.4,0,1.4,0,1.4,0,1.3,2.6,1.3,1.3,1.3,1.2,1.2,1.2,0,0,0,1.2,2.4,1.1,1.1,1.1,0,1.1,1.1,1.1,2.2,0,2.1,1,1,2,0,1,1,1,1,1,1.9,0.9,1.8,0.9,0.9,1.8,1.7,1.7,2.5,-0.8,1.7,0,0.8,0,0.8,0.8,0.8,-0.8,1.6,0.8,1.6,0.8,1.5,0.7,0,0.7,0,0,0.7,0,0,0,0.7,0,0.7,0.7,0,0.7,1.4,1.4,0.7,0.7,0,0,0.7,0,0.7,0,0,0,0,0.7,0.7,0.7,0.7,0.7,0,0.6,0.6,0,1.3,0.6,0,0.6,0.6,0.6,0.6,0.6,0.6,0.6,0.6,0.6,1.2,1.2,0.6,0.6,0.6,0,0.6,0.6,1.1,0.6,0.6,0.6,0,1.1,0.5,0.5,0.5,0.5,1.1,0.5,0.5,0.5,0,1,0.5,0.5,0.5,0.5,1,1,1,1,1,0.5,1,0,0.5,0,0.5,0.9,0.9,0.9,0.9,0.9,0,0.4,0.9,1.3,0.9,0.9,1.3,1.3,0.8,0.8,0.8,1.2,0.8,0.8,0.8,0.8,1.2,0.8,1.1,0.8,1.1,0.7,0.7,0.7,0.7,0.7,1.1,1.1,0.7,1,0.7,1.4,1.3,1.3,1.3,1.3,1.3,0.6,0.9,0.9,0.9,1.2,1.2,0.9,0.6,0.9,0.6,1.2,0.6,0.9,0.6,0.6,0.8,0.3,0.6,0,0.5,0.3,0.5,0.3,0.3,0.5,0.8,0.8,1.1,0.8,0.8,0.3,0.3,0.8,0.5,1,0.5,1,0.5,0.7,1,0.7,1,1.2,0.9,1.2,0.9,1.1,0.7,0.9,0.9,0.9,0.7,0.9,0.4,0.6,0.4,0.6,1.3,1.2,0.8,0.8,0.8,0.8,0.6,0.2,0.8,0.4,0.4,0.2,0.4,0.8,1.1,0.8,0.6,0.2,0,-0.2,0,0.2,0.2,-0.7,-1.1,-0.8,-0.4,-0.4,-0.6,-0.4,-0.6,-0.8,-0.4,0.2,0.4,0,-0.2,0.2,-0.2,0.4,0.8,1,0.4,0,0.8,1.1,1.1,1.3,0.9,0.7,0.5,0.9,0.9,0.7,0.5,0.7,0.7,1,0.7,0.3,0.2,0.7,0.7,0.8,0.5,0.2,0.2,0.3,0.3,0.5,0.5,0.3,0.3,-0.2,0.5,0.3,0.5,0.3,0.5,0.3,0.3,0.2,0.3,0.8,0.3,0.5,0.5,0.3,0.3,0.2,0.3,0.1,0.3,0.3,0.3,0.4,0.4,0.3,0.3,0.1,0,0.1,0.1,0.3,0.3,0.3,0.3,0.3,0.3,0.3,0.1,0.3,0.3,0.1,0.1,0.4,0.3,0.4,0.3,0.6,0.4,0.4,0.4,0.4,0.4,0.4,0.3,0.4,0.3,0.4,0.3,0.4,0.4,0.4,0.3,0.3,0.3,0.4,0.3,0.3,0.4,0.4,0.4,0.5,0.4,0.5,0.3,0.4,0.4,0.4,0.2,0.2,0.2,0.2,0.1,0,-0.4,-0.4,-0.1,0,0.4,0.2,0.4,0.1,0.5,0.2,0.2,0.2,0.6,0.4,0.2,0.4,0.2,0.4,0.2,0.4,0.2,0.2,0.4,0.5,0.5,0.5,0.5,0.6,0.5,0.3,0.3,0.2,0.3,0.2,0.3,0.2,0.2,0.1,0.1,0.2,0.2,0.2,0.1,0.2,0.2,0.3,0.2,0.4,0.2,0.3,0.2,0.3,0.2,0.2,0.3,0.3,0.3,0.3,0.3,0.3,0.2,0.4,0.3,0.3,0.2,0.2,0.3,0.3,0.2,0.2,0.2,0.2,0.4,0.2,0.2,0.2,0.2,0.3,0.4,0.3,0.3,0.2,0.3,0.4,0.4,0.2,0.2,0.2,0.3,0.2,0.2,0.2,0.3,0.2,0.3,0.3,0.3,0.3,0.3,0.3,0.3,0.3,0.3,0.3,0.2,0.3,0.4,0.3,0.4,0.2,0.4,0.3,0.3,0.2,0.3,0.2,0.3,0.4,0.4,0.3,0.3,0.2,0.3,0.3,0.2,0.3,0.3,0.3,0.2,0.2,0.3,0.3,0.3,0.2,0.1,0.2,0.2,0.2,0.3,0.3,0.2,0.2,0.3,0.3,0.3,0.3